Workbook

Sheet Графики
A1: iPA-64-F (R086W2-2)
A2: 28 В, 0,65 А, Pвх=17 дБм, Н.Р.
A4: Частота, Гц | B4: Частота, ГГц | C4: Pвых, Вт | K4: Pвых, дБм | S4: Id, А | AA4: Ig, мА | AI4: Ку, дБ | AQ4: КПД, %
C5: №1 | D5: NiPA-62-F_UG_1__2026-03-24_11-4 | K5: =C5 -> №1 | L5: =D5 -> NiPA-62-F_UG_1__2026-03-24_11-4 | M5: =E5 -> 0 | N5: =F5 -> 0 | O5: =G5 -> 0 | P5: =H5 -> 0 | Q5: =I5 -> 0 | R5: =J5 -> 0 | S5: =C5 -> №1 | T5: =D5 -> NiPA-62-F_UG_1__2026-03-24_11-4 | U5: =E5 -> 0 | V5: =F5 -> 0 | W5: =G5 -> 0 | X5: =H5 -> 0 | Y5: =I5 -> 0 | Z5: =J5 -> 0 | AA5: =C5 -> №1 | AB5: =D5 -> NiPA-62-F_UG_1__2026-03-24_11-4 | AC5: =E5 -> 0 | AD5: =F5 -> 0 | AE5: =G5 -> 0 | AF5: =H5 -> 0 | AG5: =I5 -> 0 | AH5: =J5 -> 0 | AI5: =C5 -> №1 | AJ5: =D5 -> NiPA-62-F_UG_1__2026-03-24_11-4 | AK5: =E5 -> 0 | AL5: =F5 -> 0 | AM5: =G5 -> 0 | AN5: =H5 -> 0 | AO5: =I5 -> 0 | AP5: =J5 -> 0 | AQ5: =C5 -> №1 | AR5: =D5 -> NiPA-62-F_UG_1__2026-03-24_11-4 | AS5: =E5 -> 0 | AT5: =F5 -> 0 | AU5: =G5 -> 0 | AV5: =H5 -> 0 | AW5: =I5 -> 0 | AX5: =J5 -> 0
A6: ='NiPA-62-F_UG_1__2026-03-24_11-4'!B11 -> 500000000 | B6: =A6/1000000000 -> 0.5 | C6: =№1!U11 -> 2.2455447 | D6: ='NiPA-62-F_UG_1__2026-03-24_11-4'!U11 -> 8.674361 | E6: =#REF! -> #REF! | F6: =#REF! -> #REF! | G6: =#REF! -> #REF! | H6: =#REF! -> #REF! | I6: =#REF! -> #REF! | J6: =#REF! -> #REF! | K6: =№1!P11 -> 33.513217 | L6: ='NiPA-62-F_UG_1__2026-03-24_11-4'!P11 -> 39.382375 | M6: =#REF! -> #REF! | N6: =#REF! -> #REF! | O6: =#REF! -> #REF! | P6: =#REF! -> #REF! | Q6: =#REF! -> #REF! | R6: =#REF! -> #REF! | S6: =№1!R11 -> 0.140955 | T6: ='NiPA-62-F_UG_1__2026-03-24_11-4'!R11 -> 0.517985 | U6: =#REF! -> #REF! | V6: =#REF! -> #REF! | W6: =#REF! -> #REF! | X6: =#REF! -> #REF! | Y6: =#REF! -> #REF! | Z6: =#REF! -> #REF! | AA6: =№1!Q11 -> 4.9e-05 | AB6: ='NiPA-62-F_UG_1__2026-03-24_11-4'!Q11 -> -0.000122 | AC6: =#REF! -> #REF! | AD6: =#REF! -> #REF! | AE6: =#REF! -> #REF! | AF6: =#REF! -> #REF! | AG6: =#REF! -> #REF! | AH6: =#REF! -> #REF! | AI6: =№1!S11 -> 15.513217 | AJ6: ='NiPA-62-F_UG_1__2026-03-24_11-4'!S11 -> 12.382375 | AK6: =#REF! -> #REF! | AL6: =#REF! -> #REF! | AM6: =#REF! -> #REF! | AN6: =#REF! -> #REF! | AO6: =#REF! -> #REF! | AP6: =#REF! -> #REF! | AQ6: =№1!T11 -> 55.29751 | AR6: ='NiPA-62-F_UG_1__2026-03-24_11-4'!T11 -> 56.352756 | AS6: =#REF! -> #REF! | AT6: =#REF! -> #REF! | AU6: =#REF! -> #REF! | AV6: =#REF! -> #REF! | AW6: =#REF! -> #REF! | AX6: =#REF! -> #REF!
A7: ='NiPA-62-F_UG_1__2026-03-24_11-4'!B12 -> 600000000 | B7: =A7/1000000000 -> 0.6 | C7: =№1!U12 -> 3.1177429 | D7: ='NiPA-62-F_UG_1__2026-03-24_11-4'!U12 -> 8.643251 | E7: =#REF! -> #REF! | F7: =#REF! -> #REF! | G7: =#REF! -> #REF! | H7: =#REF! -> #REF! | I7: =#REF! -> #REF! | J7: =#REF! -> #REF! | K7: =№1!P12 -> 34.938403 | L7: ='NiPA-62-F_UG_1__2026-03-24_11-4'!P12 -> 39.366771 | M7: =#REF! -> #REF! | N7: =#REF! -> #REF! | O7: =#REF! -> #REF! | P7: =#REF! -> #REF! | Q7: =#REF! -> #REF! | R7: =#REF! -> #REF! | S7: =№1!R12 -> 0.12731 | T7: ='NiPA-62-F_UG_1__2026-03-24_11-4'!R12 -> 0.493286 | U7: =#REF! -> #REF! | V7: =#REF! -> #REF! | W7: =#REF! -> #REF! | X7: =#REF! -> #REF! | Y7: =#REF! -> #REF! | Z7: =#REF! -> #REF! | AA7: =№1!Q12 -> -0.000213 | AB7: ='NiPA-62-F_UG_1__2026-03-24_11-4'!Q12 -> -0.00012 | AC7: =#REF! -> #REF! | AD7: =#REF! -> #REF! | AE7: =#REF! -> #REF! | AF7: =#REF! -> #REF! | AG7: =#REF! -> #REF! | AH7: =#REF! -> #REF! | AI7: =№1!S12 -> 16.938403 | AJ7: ='NiPA-62-F_UG_1__2026-03-24_11-4'!S12 -> 12.366771 | AK7: =#REF! -> #REF! | AL7: =#REF! -> #REF! | AM7: =#REF! -> #REF! | AN7: =#REF! -> #REF! | AO7: =#REF! -> #REF! | AP7: =#REF! -> #REF! | AQ7: =№1!T12 -> 85.692045 | AR7: ='NiPA-62-F_UG_1__2026-03-24_11-4'!T12 -> 58.949217 | AS7: =#REF! -> #REF! | AT7: =#REF! -> #REF! | AU7: =#REF! -> #REF! | AV7: =#REF! -> #REF! | AW7: =#REF! -> #REF! | AX7: =#REF! -> #REF!
A8: ='NiPA-62-F_UG_1__2026-03-24_11-4'!B13 -> 700000000 | B8: =A8/1000000000 -> 0.7 | C8: =№1!U13 -> 4.1726946 | D8: ='NiPA-62-F_UG_1__2026-03-24_11-4'!U13 -> 8.489945 | E8: =#REF! -> #REF! | F8: =#REF! -> #REF! | G8: =#REF! -> #REF! | H8: =#REF! -> #REF! | I8: =#REF! -> #REF! | J8: =#REF! -> #REF! | K8: =№1!P13 -> 36.204166 | L8: ='NiPA-62-F_UG_1__2026-03-24_11-4'!P13 -> 39.289049 | M8: =#REF! -> #REF! | N8: =#REF! -> #REF! | O8: =#REF! -> #REF! | P8: =#REF! -> #REF! | Q8: =#REF! -> #REF! | R8: =#REF! -> #REF! | S8: =№1!R13 -> 0.114457 | T8: ='NiPA-62-F_UG_1__2026-03-24_11-4'!R13 -> 0.499063 | U8: =#REF! -> #REF! | V8: =#REF! -> #REF! | W8: =#REF! -> #REF! | X8: =#REF! -> #REF! | Y8: =#REF! -> #REF! | Z8: =#REF! -> #REF! | AA8: =№1!Q13 -> 1.8e-05 | AB8: ='NiPA-62-F_UG_1__2026-03-24_11-4'!Q13 -> 0.000318 | AC8: =#REF! -> #REF! | AD8: =#REF! -> #REF! | AE8: =#REF! -> #REF! | AF8: =#REF! -> #REF! | AG8: =#REF! -> #REF! | AH8: =#REF! -> #REF! | AI8: =№1!S13 -> 18.204166 | AJ8: ='NiPA-62-F_UG_1__2026-03-24_11-4'!S13 -> 12.289049 | AK8: =#REF! -> #REF! | AL8: =#REF! -> #REF! | AM8: =#REF! -> #REF! | AN8: =#REF! -> #REF! | AO8: =#REF! -> #REF! | AP8: =#REF! -> #REF! | AQ8: =№1!T13 -> 128.23278 | AR8: ='NiPA-62-F_UG_1__2026-03-24_11-4'!T13 -> 57.169686 | AS8: =#REF! -> #REF! | AT8: =#REF! -> #REF! | AU8: =#REF! -> #REF! | AV8: =#REF! -> #REF! | AW8: =#REF! -> #REF! | AX8: =#REF! -> #REF!
A9: ='NiPA-62-F_UG_1__2026-03-24_11-4'!B14 -> 800000000 | B9: =A9/1000000000 -> 0.8 | C9: =№1!U14 -> 4.5963988 | D9: ='NiPA-62-F_UG_1__2026-03-24_11-4'!U14 -> 9.161624 | E9: =#REF! -> #REF! | F9: =#REF! -> #REF! | G9: =#REF! -> #REF! | H9: =#REF! -> #REF! | I9: =#REF! -> #REF! | J9: =#REF! -> #REF! | K9: =№1!P14 -> 36.624177 | L9: ='NiPA-62-F_UG_1__2026-03-24_11-4'!P14 -> 39.619725 | M9: =#REF! -> #REF! | N9: =#REF! -> #REF! | O9: =#REF! -> #REF! | P9: =#REF! -> #REF! | Q9: =#REF! -> #REF! | R9: =#REF! -> #REF! | S9: =№1!R14 -> 0.110013 | T9: ='NiPA-62-F_UG_1__2026-03-24_11-4'!R14 -> 0.538351 | U9: =#REF! -> #REF! | V9: =#REF! -> #REF! | W9: =#REF! -> #REF! | X9: =#REF! -> #REF! | Y9: =#REF! -> #REF! | Z9: =#REF! -> #REF! | AA9: =№1!Q14 -> -0.000388 | AB9: ='NiPA-62-F_UG_1__2026-03-24_11-4'!Q14 -> 6.8e-05 | AC9: =#REF! -> #REF! | AD9: =#REF! -> #REF! | AE9: =#REF! -> #REF! | AF9: =#REF! -> #REF! | AG9: =#REF! -> #REF! | AH9: =#REF! -> #REF! | AI9: =№1!S14 -> 18.624177 | AJ9: ='NiPA-62-F_UG_1__2026-03-24_11-4'!S14 -> 12.619725 | AK9: =#REF! -> #REF! | AL9: =#REF! -> #REF! | AM9: =#REF! -> #REF! | AN9: =#REF! -> #REF! | AO9: =#REF! -> #REF! | AP9: =#REF! -> #REF! | AQ9: =№1!T14 -> 147.16777 | AR9: ='NiPA-62-F_UG_1__2026-03-24_11-4'!T14 -> 57.453453 | AS9: =#REF! -> #REF! | AT9: =#REF! -> #REF! | AU9: =#REF! -> #REF! | AV9: =#REF! -> #REF! | AW9: =#REF! -> #REF! | AX9: =#REF! -> #REF!
A10: ='NiPA-62-F_UG_1__2026-03-24_11-4'!B15 -> 900000000 | B10: =A10/1000000000 -> 0.9 | C10: =№1!U15 -> 5.0184893 | D10: ='NiPA-62-F_UG_1__2026-03-24_11-4'!U15 -> 9.564864 | E10: =#REF! -> #REF! | F10: =#REF! -> #REF! | G10: =#REF! -> #REF! | H10: =#REF! -> #REF! | I10: =#REF! -> #REF! | J10: =#REF! -> #REF! | K10: =№1!P15 -> 37.00573 | L10: ='NiPA-62-F_UG_1__2026-03-24_11-4'!P15 -> 39.806788 | M10: =#REF! -> #REF! | N10: =#REF! -> #REF! | O10: =#REF! -> #REF! | P10: =#REF! -> #REF! | Q10: =#REF! -> #REF! | R10: =#REF! -> #REF! | S10: =№1!R15 -> 0.105518 | T10: ='NiPA-62-F_UG_1__2026-03-24_11-4'!R15 -> 0.549765 | U10: =#REF! -> #REF! | V10: =#REF! -> #REF! | W10: =#REF! -> #REF! | X10: =#REF! -> #REF! | Y10: =#REF! -> #REF! | Z10: =#REF! -> #REF! | AA10: =№1!Q15 -> -0.000408 | AB10: ='NiPA-62-F_UG_1__2026-03-24_11-4'!Q15 -> 0.00014 | AC10: =#REF! -> #REF! | AD10: =#REF! -> #REF! | AE10: =#REF! -> #REF! | AF10: =#REF! -> #REF! | AG10: =#REF! -> #REF! | AH10: =#REF! -> #REF! | AI10: =№1!S15 -> 19.00573 | AJ10: ='NiPA-62-F_UG_1__2026-03-24_11-4'!S15 -> 12.806788 | AK10: =#REF! -> #REF! | AL10: =#REF! -> #REF! | AM10: =#REF! -> #REF! | AN10: =#REF! -> #REF! | AO10: =#REF! -> #REF! | AP10: =#REF! -> #REF! | AQ10: =№1!T15 -> 167.72337 | AR10: ='NiPA-62-F_UG_1__2026-03-24_11-4'!T15 -> 58.880179 | AS10: =#REF! -> #REF! | AT10: =#REF! -> #REF! | AU10: =#REF! -> #REF! | AV10: =#REF! -> #REF! | AW10: =#REF! -> #REF! | AX10: =#REF! -> #REF!
A11: ='NiPA-62-F_UG_1__2026-03-24_11-4'!B16 -> 1000000000 | B11: =A11/1000000000 -> 1 | C11: =№1!U16 -> 5.2924346 | D11: ='NiPA-62-F_UG_1__2026-03-24_11-4'!U16 -> 9.57775 | E11: =#REF! -> #REF! | F11: =#REF! -> #REF! | G11: =#REF! -> #REF! | H11: =#REF! -> #REF! | I11: =#REF! -> #REF! | J11: =#REF! -> #REF! | K11: =№1!P16 -> 37.236555 | L11: ='NiPA-62-F_UG_1__2026-03-24_11-4'!P16 -> 39.812635 | M11: =#REF! -> #REF! | N11: =#REF! -> #REF! | O11: =#REF! -> #REF! | P11: =#REF! -> #REF! | Q11: =#REF! -> #REF! | R11: =#REF! -> #REF! | S11: =№1!R16 -> 0.103911 | T11: ='NiPA-62-F_UG_1__2026-03-24_11-4'!R16 -> 0.573374 | U11: =#REF! -> #REF! | V11: =#REF! -> #REF! | W11: =#REF! -> #REF! | X11: =#REF! -> #REF! | Y11: =#REF! -> #REF! | Z11: =#REF! -> #REF! | AA11: =№1!Q16 -> 0.000224 | AB11: ='NiPA-62-F_UG_1__2026-03-24_11-4'!Q16 -> -0.000331 | AC11: =#REF! -> #REF! | AD11: =#REF! -> #REF! | AE11: =#REF! -> #REF! | AF11: =#REF! -> #REF! | AG11: =#REF! -> #REF! | AH11: =#REF! -> #REF! | AI11: =№1!S16 -> 19.236555 | AJ11: ='NiPA-62-F_UG_1__2026-03-24_11-4'!S16 -> 12.812635 | AK11: =#REF! -> #REF! | AL11: =#REF! -> #REF! | AM11: =#REF! -> #REF! | AN11: =#REF! -> #REF! | AO11: =#REF! -> #REF! | AP11: =#REF! -> #REF! | AQ11: =№1!T16 -> 179.73275 | AR11: ='NiPA-62-F_UG_1__2026-03-24_11-4'!T16 -> 56.536021 | AS11: =#REF! -> #REF! | AT11: =#REF! -> #REF! | AU11: =#REF! -> #REF! | AV11: =#REF! -> #REF! | AW11: =#REF! -> #REF! | AX11: =#REF! -> #REF!
A12: ='NiPA-62-F_UG_1__2026-03-24_11-4'!B17 -> 1100000000 | B12: =A12/1000000000 -> 1.1 | C12: =№1!U17 -> 5.9862548 | D12: ='NiPA-62-F_UG_1__2026-03-24_11-4'!U17 -> 9.387549 | E12: =#REF! -> #REF! | F12: =#REF! -> #REF! | G12: =#REF! -> #REF! | H12: =#REF! -> #REF! | I12: =#REF! -> #REF! | J12: =#REF! -> #REF! | K12: =№1!P17 -> 37.771552 | L12: ='NiPA-62-F_UG_1__2026-03-24_11-4'!P17 -> 39.725522 | M12: =#REF! -> #REF! | N12: =#REF! -> #REF! | O12: =#REF! -> #REF! | P12: =#REF! -> #REF! | Q12: =#REF! -> #REF! | R12: =#REF! -> #REF! | S12: =№1!R17 -> 0.104119 | T12: ='NiPA-62-F_UG_1__2026-03-24_11-4'!R17 -> 0.572431 | U12: =#REF! -> #REF! | V12: =#REF! -> #REF! | W12: =#REF! -> #REF! | X12: =#REF! -> #REF! | Y12: =#REF! -> #REF! | Z12: =#REF! -> #REF! | AA12: =№1!Q17 -> -3.9e-05 | AB12: ='NiPA-62-F_UG_1__2026-03-24_11-4'!Q17 -> 2.7e-05 | AC12: =#REF! -> #REF! | AD12: =#REF! -> #REF! | AE12: =#REF! -> #REF! | AF12: =#REF! -> #REF! | AG12: =#REF! -> #REF! | AH12: =#REF! -> #REF! | AI12: =№1!S17 -> 19.771552 | AJ12: ='NiPA-62-F_UG_1__2026-03-24_11-4'!S17 -> 12.725522 | AK12: =#REF! -> #REF! | AL12: =#REF! -> #REF! | AM12: =#REF! -> #REF! | AN12: =#REF! -> #REF! | AO12: =#REF! -> #REF! | AP12: =#REF! -> #REF! | AQ12: =№1!T17 -> 203.17271 | AR12: ='NiPA-62-F_UG_1__2026-03-24_11-4'!T17 -> 55.442489 | AS12: =#REF! -> #REF! | AT12: =#REF! -> #REF! | AU12: =#REF! -> #REF! | AV12: =#REF! -> #REF! | AW12: =#REF! -> #REF! | AX12: =#REF! -> #REF!
A13: ='NiPA-62-F_UG_1__2026-03-24_11-4'!B18 -> 1200000000 | B13: =A13/1000000000 -> 1.2 | C13: =№1!U18 -> 6.2229498 | D13: ='NiPA-62-F_UG_1__2026-03-24_11-4'!U18 -> 8.658021 | E13: =#REF! -> #REF! | F13: =#REF! -> #REF! | G13: =#REF! -> #REF! | H13: =#REF! -> #REF! | I13: =#REF! -> #REF! | J13: =#REF! -> #REF! | K13: =№1!P18 -> 37.939963 | L13: ='NiPA-62-F_UG_1__2026-03-24_11-4'!P18 -> 39.374186 | M13: =#REF! -> #REF! | N13: =#REF! -> #REF! | O13: =#REF! -> #REF! | P13: =#REF! -> #REF! | Q13: =#REF! -> #REF! | R13: =#REF! -> #REF! | S13: =№1!R18 -> 0.105259 | T13: ='NiPA-62-F_UG_1__2026-03-24_11-4'!R18 -> 0.591105 | U13: =#REF! -> #REF! | V13: =#REF! -> #REF! | W13: =#REF! -> #REF! | X13: =#REF! -> #REF! | Y13: =#REF! -> #REF! | Z13: =#REF! -> #REF! | AA13: =№1!Q18 -> 3.5e-05 | AB13: ='NiPA-62-F_UG_1__2026-03-24_11-4'!Q18 -> -0.000115 | AC13: =#REF! -> #REF! | AD13: =#REF! -> #REF! | AE13: =#REF! -> #REF! | AF13: =#REF! -> #REF! | AG13: =#REF! -> #REF! | AH13: =#REF! -> #REF! | AI13: =№1!S18 -> 19.939963 | AJ13: ='NiPA-62-F_UG_1__2026-03-24_11-4'!S18 -> 12.374186 | AK13: =#REF! -> #REF! | AL13: =#REF! -> #REF! | AM13: =#REF! -> #REF! | AN13: =#REF! -> #REF! | AO13: =#REF! -> #REF! | AP13: =#REF! -> #REF! | AQ13: =№1!T18 -> 209.00331 | AR13: ='NiPA-62-F_UG_1__2026-03-24_11-4'!T18 -> 49.283172 | AS13: =#REF! -> #REF! | AT13: =#REF! -> #REF! | AU13: =#REF! -> #REF! | AV13: =#REF! -> #REF! | AW13: =#REF! -> #REF! | AX13: =#REF! -> #REF!
A14: ='NiPA-62-F_UG_1__2026-03-24_11-4'!B19 -> 1300000000 | B14: =A14/1000000000 -> 1.3 | C14: =№1!U19 -> 6.9786208 | D14: ='NiPA-62-F_UG_1__2026-03-24_11-4'!U19 -> 8.757329 | E14: =#REF! -> #REF! | F14: =#REF! -> #REF! | G14: =#REF! -> #REF! | H14: =#REF! -> #REF! | I14: =#REF! -> #REF! | J14: =#REF! -> #REF! | K14: =№1!P19 -> 38.437696 | L14: ='NiPA-62-F_UG_1__2026-03-24_11-4'!P19 -> 39.423717 | M14: =#REF! -> #REF! | N14: =#REF! -> #REF! | O14: =#REF! -> #REF! | P14: =#REF! -> #REF! | Q14: =#REF! -> #REF! | R14: =#REF! -> #REF! | S14: =№1!R19 -> 0.110634 | T14: ='NiPA-62-F_UG_1__2026-03-24_11-4'!R19 -> 0.630442 | U14: =#REF! -> #REF! | V14: =#REF! -> #REF! | W14: =#REF! -> #REF! | X14: =#REF! -> #REF! | Y14: =#REF! -> #REF! | Z14: =#REF! -> #REF! | AA14: =№1!Q19 -> -0.00016 | AB14: ='NiPA-62-F_UG_1__2026-03-24_11-4'!Q19 -> -0.000419 | AC14: =#REF! -> #REF! | AD14: =#REF! -> #REF! | AE14: =#REF! -> #REF! | AF14: =#REF! -> #REF! | AG14: =#REF! -> #REF! | AH14: =#REF! -> #REF! | AI14: =№1!S19 -> 20.437696 | AJ14: ='NiPA-62-F_UG_1__2026-03-24_11-4'!S19 -> 12.423717 | AK14: =#REF! -> #REF! | AL14: =#REF! -> #REF! | AM14: =#REF! -> #REF! | AN14: =#REF! -> #REF! | AO14: =#REF! -> #REF! | AP14: =#REF! -> #REF! | AQ14: =№1!T19 -> 223.24334 | AR14: ='NiPA-62-F_UG_1__2026-03-24_11-4'!T19 -> 46.770689 | AS14: =#REF! -> #REF! | AT14: =#REF! -> #REF! | AU14: =#REF! -> #REF! | AV14: =#REF! -> #REF! | AW14: =#REF! -> #REF! | AX14: =#REF! -> #REF!
A15: ='NiPA-62-F_UG_1__2026-03-24_11-4'!B20 -> 1400000000 | B15: =A15/1000000000 -> 1.4 | C15: =№1!U20 -> 8.1701363 | D15: ='NiPA-62-F_UG_1__2026-03-24_11-4'!U20 -> 8.746848 | E15: =#REF! -> #REF! | F15: =#REF! -> #REF! | G15: =#REF! -> #REF! | H15: =#REF! -> #REF! | I15: =#REF! -> #REF! | J15: =#REF! -> #REF! | K15: =№1!P20 -> 39.122293 | L15: ='NiPA-62-F_UG_1__2026-03-24_11-4'!P20 -> 39.418516 | M15: =#REF! -> #REF! | N15: =#REF! -> #REF! | O15: =#REF! -> #REF! | P15: =#REF! -> #REF! | Q15: =#REF! -> #REF! | R15: =#REF! -> #REF! | S15: =№1!R20 -> 0.119502 | T15: ='NiPA-62-F_UG_1__2026-03-24_11-4'!R20 -> 0.643107 | U15: =#REF! -> #REF! | V15: =#REF! -> #REF! | W15: =#REF! -> #REF! | X15: =#REF! -> #REF! | Y15: =#REF! -> #REF! | Z15: =#REF! -> #REF! | AA15: =№1!Q20 -> -0.000218 | AB15: ='NiPA-62-F_UG_1__2026-03-24_11-4'!Q20 -> -0.000443 | AC15: =#REF! -> #REF! | AD15: =#REF! -> #REF! | AE15: =#REF! -> #REF! | AF15: =#REF! -> #REF! | AG15: =#REF! -> #REF! | AH15: =#REF! -> #REF! | AI15: =№1!S20 -> 21.122293 | AJ15: ='NiPA-62-F_UG_1__2026-03-24_11-4'!S20 -> 12.418516 | AK15: =#REF! -> #REF! | AL15: =#REF! -> #REF! | AM15: =#REF! -> #REF! | AN15: =#REF! -> #REF! | AO15: =#REF! -> #REF! | AP15: =#REF! -> #REF! | AQ15: =№1!T20 -> 242.28646 | AR15: ='NiPA-62-F_UG_1__2026-03-24_11-4'!T20 -> 45.791436 | AS15: =#REF! -> #REF! | AT15: =#REF! -> #REF! | AU15: =#REF! -> #REF! | AV15: =#REF! -> #REF! | AW15: =#REF! -> #REF! | AX15: =#REF! -> #REF!
A16: ='NiPA-62-F_UG_1__2026-03-24_11-4'!B21 -> 1500000000 | B16: =A16/1000000000 -> 1.5 | C16: =№1!U21 -> 9.5329694 | D16: ='NiPA-62-F_UG_1__2026-03-24_11-4'!U21 -> 8.607724 | E16: =#REF! -> #REF! | F16: =#REF! -> #REF! | G16: =#REF! -> #REF! | H16: =#REF! -> #REF! | I16: =#REF! -> #REF! | J16: =#REF! -> #REF! | K16: =№1!P21 -> 39.792282 | L16: ='NiPA-62-F_UG_1__2026-03-24_11-4'!P21 -> 39.348883 | M16: =#REF! -> #REF! | N16: =#REF! -> #REF! | O16: =#REF! -> #REF! | P16: =#REF! -> #REF! | Q16: =#REF! -> #REF! | R16: =#REF! -> #REF! | S16: =№1!R21 -> 0.127644 | T16: ='NiPA-62-F_UG_1__2026-03-24_11-4'!R21 -> 0.655046 | U16: =#REF! -> #REF! | V16: =#REF! -> #REF! | W16: =#REF! -> #REF! | X16: =#REF! -> #REF! | Y16: =#REF! -> #REF! | Z16: =#REF! -> #REF! | AA16: =№1!Q21 -> -1.3e-05 | AB16: ='NiPA-62-F_UG_1__2026-03-24_11-4'!Q21 -> -0.00024 | AC16: =#REF! -> #REF! | AD16: =#REF! -> #REF! | AE16: =#REF! -> #REF! | AF16: =#REF! -> #REF! | AG16: =#REF! -> #REF! | AH16: =#REF! -> #REF! | AI16: =№1!S21 -> 21.792282 | AJ16: ='NiPA-62-F_UG_1__2026-03-24_11-4'!S21 -> 12.348883 | AK16: =#REF! -> #REF! | AL16: =#REF! -> #REF! | AM16: =#REF! -> #REF! | AN16: =#REF! -> #REF! | AO16: =#REF! -> #REF! | AP16: =#REF! -> #REF! | AQ16: =№1!T21 -> 264.96332 | AR16: ='NiPA-62-F_UG_1__2026-03-24_11-4'!T21 -> 44.1983 | AS16: =#REF! -> #REF! | AT16: =#REF! -> #REF! | AU16: =#REF! -> #REF! | AV16: =#REF! -> #REF! | AW16: =#REF! -> #REF! | AX16: =#REF! -> #REF!
A17: ='NiPA-62-F_UG_1__2026-03-24_11-4'!B22 -> 1600000000 | B17: =A17/1000000000 -> 1.6 | C17: =№1!U22 -> 10.6391 | D17: ='NiPA-62-F_UG_1__2026-03-24_11-4'!U22 -> 8.410408 | E17: =#REF! -> #REF! | F17: =#REF! -> #REF! | G17: =#REF! -> #REF! | H17: =#REF! -> #REF! | I17: =#REF! -> #REF! | J17: =#REF! -> #REF! | K17: =№1!P22 -> 40.269049 | L17: ='NiPA-62-F_UG_1__2026-03-24_11-4'!P22 -> 39.248171 | M17: =#REF! -> #REF! | N17: =#REF! -> #REF! | O17: =#REF! -> #REF! | P17: =#REF! -> #REF! | Q17: =#REF! -> #REF! | R17: =#REF! -> #REF! | S17: =№1!R22 -> 0.131258 | T17: ='NiPA-62-F_UG_1__2026-03-24_11-4'!R22 -> 0.674156 | U17: =#REF! -> #REF! | V17: =#REF! -> #REF! | W17: =#REF! -> #REF! | X17: =#REF! -> #REF! | Y17: =#REF! -> #REF! | Z17: =#REF! -> #REF! | AA17: =№1!Q22 -> 0.000121 | AB17: ='NiPA-62-F_UG_1__2026-03-24_11-4'!Q22 -> -0.000295 | AC17: =#REF! -> #REF! | AD17: =#REF! -> #REF! | AE17: =#REF! -> #REF! | AF17: =#REF! -> #REF! | AG17: =#REF! -> #REF! | AH17: =#REF! -> #REF! | AI17: =№1!S22 -> 22.269049 | AJ17: ='NiPA-62-F_UG_1__2026-03-24_11-4'!S22 -> 12.248171 | AK17: =#REF! -> #REF! | AL17: =#REF! -> #REF! | AM17: =#REF! -> #REF! | AN17: =#REF! -> #REF! | AO17: =#REF! -> #REF! | AP17: =#REF! -> #REF! | AQ17: =№1!T22 -> 287.7649 | AR17: ='NiPA-62-F_UG_1__2026-03-24_11-4'!T22 -> 41.900098 | AS17: =#REF! -> #REF! | AT17: =#REF! -> #REF! | AU17: =#REF! -> #REF! | AV17: =#REF! -> #REF! | AW17: =#REF! -> #REF! | AX17: =#REF! -> #REF!
... A41: ='NiPA-62-F_UG_1__2026-03-24_11-4'!B46 -> 4000000000 | B41: =A41/1000000000 -> 4 | C41: =№1!U46 -> 12.743576 | D41: ='NiPA-62-F_UG_1__2026-03-24_11-4'!U46 -> 7.225979 | E41: =#REF! -> #REF! | F41: =#REF! -> #REF! | G41: =#REF! -> #REF! | H41: =#REF! -> #REF! | I41: =#REF! -> #REF! | J41: =#REF! -> #REF! | K41: =№1!P46 -> 41.052913 | L41: ='NiPA-62-F_UG_1__2026-03-24_11-4'!P46 -> 38.588967 | M41: =#REF! -> #REF! | N41: =#REF! -> #REF! | O41: =#REF! -> #REF! | P41: =#REF! -> #REF! | Q41: =#REF! -> #REF! | R41: =#REF! -> #REF! | S41: =№1!R46 -> 0.172913 | T41: ='NiPA-62-F_UG_1__2026-03-24_11-4'!R46 -> 0.763505 | U41: =#REF! -> #REF! | V41: =#REF! -> #REF! | W41: =#REF! -> #REF! | X41: =#REF! -> #REF! | Y41: =#REF! -> #REF! | Z41: =#REF! -> #REF! | AA41: =№1!Q46 -> -0.000456 | AB41: ='NiPA-62-F_UG_1__2026-03-24_11-4'!Q46 -> 0.000342 | AC41: =#REF! -> #REF! | AD41: =#REF! -> #REF! | AE41: =#REF! -> #REF! | AF41: =#REF! -> #REF! | AG41: =#REF! -> #REF! | AH41: =#REF! -> #REF! | AI41: =№1!S46 -> 23.052913 | AJ41: ='NiPA-62-F_UG_1__2026-03-24_11-4'!S46 -> 11.588967 | AK41: =#REF! -> #REF! | AL41: =#REF! -> #REF! | AM41: =#REF! -> #REF! | AN41: =#REF! -> #REF! | AO41: =#REF! -> #REF! | AP41: =#REF! -> #REF! | AQ41: =№1!T46 -> 261.90875 | AR41: ='NiPA-62-F_UG_1__2026-03-24_11-4'!T46 -> 31.456411 | AS41: =#REF! -> #REF! | AT41: =#REF! -> #REF! | AU41: =#REF! -> #REF! | AV41: =#REF! -> #REF! | AW41: =#REF! -> #REF! | AX41: =#REF! -> #REF!
A42: =#REF! -> #REF! | B42: =A42/1000000000 -> #REF! | C42: =№1!U47 -> 13.01059 | D42: =#REF! -> #REF! | E42: =#REF! -> #REF! | F42: =#REF! -> #REF! | G42: =#REF! -> #REF! | H42: =#REF! -> #REF! | I42: =#REF! -> #REF! | J42: =#REF! -> #REF! | K42: =№1!P47 -> 41.14297 | L42: =#REF! -> #REF! | M42: =#REF! -> #REF! | N42: =#REF! -> #REF! | O42: =#REF! -> #REF! | P42: =#REF! -> #REF! | Q42: =#REF! -> #REF! | R42: =#REF! -> #REF! | S42: =№1!R47 -> 0.179271 | T42: =#REF! -> #REF! | U42: =#REF! -> #REF! | V42: =#REF! -> #REF! | W42: =#REF! -> #REF! | X42: =#REF! -> #REF! | Y42: =#REF! -> #REF! | Z42: =#REF! -> #REF! | AA42: =№1!Q47 -> -0.000353 | AB42: =#REF! -> #REF! | AC42: =#REF! -> #REF! | AD42: =#REF! -> #REF! | AE42: =#REF! -> #REF! | AF42: =#REF! -> #REF! | AG42: =#REF! -> #REF! | AH42: =#REF! -> #REF! | AI42: =№1!S47 -> 23.14297 | AJ42: =#REF! -> #REF! | AK42: =#REF! -> #REF! | AL42: =#REF! -> #REF! | AM42: =#REF! -> #REF! | AN42: =#REF! -> #REF! | AO42: =#REF! -> #REF! | AP42: =#REF! -> #REF! | AQ42: =№1!T47 -> 257.93939 | AR42: =#REF! -> #REF! | AS42: =#REF! -> #REF! | AT42: =#REF! -> #REF! | AU42: =#REF! -> #REF! | AV42: =#REF! -> #REF! | AW42: =#REF! -> #REF! | AX42: =#REF! -> #REF!
A43: =#REF! -> #REF! | B43: =A43/1000000000 -> #REF! | C43: =№1!U48 -> 12.395142 | D43: =#REF! -> #REF! | E43: =#REF! -> #REF! | F43: =#REF! -> #REF! | G43: =#REF! -> #REF! | H43: =#REF! -> #REF! | I43: =#REF! -> #REF! | J43: =#REF! -> #REF! | K43: =№1!P48 -> 40.932515 | L43: =#REF! -> #REF! | M43: =#REF! -> #REF! | N43: =#REF! -> #REF! | O43: =#REF! -> #REF! | P43: =#REF! -> #REF! | Q43: =#REF! -> #REF! | R43: =#REF! -> #REF! | S43: =№1!R48 -> 0.175532 | T43: =#REF! -> #REF! | U43: =#REF! -> #REF! | V43: =#REF! -> #REF! | W43: =#REF! -> #REF! | X43: =#REF! -> #REF! | Y43: =#REF! -> #REF! | Z43: =#REF! -> #REF! | AA43: =№1!Q48 -> -0.000425 | AB43: =#REF! -> #REF! | AC43: =#REF! -> #REF! | AD43: =#REF! -> #REF! | AE43: =#REF! -> #REF! | AF43: =#REF! -> #REF! | AG43: =#REF! -> #REF! | AH43: =#REF! -> #REF! | AI43: =№1!S48 -> 22.932515 | AJ43: =#REF! -> #REF! | AK43: =#REF! -> #REF! | AL43: =#REF! -> #REF! | AM43: =#REF! -> #REF! | AN43: =#REF! -> #REF! | AO43: =#REF! -> #REF! | AP43: =#REF! -> #REF! | AQ43: =№1!T48 -> 250.91164 | AR43: =#REF! -> #REF! | AS43: =#REF! -> #REF! | AT43: =#REF! -> #REF! | AU43: =#REF! -> #REF! | AV43: =#REF! -> #REF! | AW43: =#REF! -> #REF! | AX43: =#REF! -> #REF!
A44: =#REF! -> #REF! | B44: =A44/1000000000 -> #REF! | C44: =№1!U49 -> 12.183307 | D44: =#REF! -> #REF! | E44: =#REF! -> #REF! | F44: =#REF! -> #REF! | G44: =#REF! -> #REF! | H44: =#REF! -> #REF! | I44: =#REF! -> #REF! | J44: =#REF! -> #REF! | K44: =№1!P49 -> 40.857652 | L44: =#REF! -> #REF! | M44: =#REF! -> #REF! | N44: =#REF! -> #REF! | O44: =#REF! -> #REF! | P44: =#REF! -> #REF! | Q44: =#REF! -> #REF! | R44: =#REF! -> #REF! | S44: =№1!R49 -> 0.174821 | T44: =#REF! -> #REF! | U44: =#REF! -> #REF! | V44: =#REF! -> #REF! | W44: =#REF! -> #REF! | X44: =#REF! -> #REF! | Y44: =#REF! -> #REF! | Z44: =#REF! -> #REF! | AA44: =№1!Q49 -> -0.000347 | AB44: =#REF! -> #REF! | AC44: =#REF! -> #REF! | AD44: =#REF! -> #REF! | AE44: =#REF! -> #REF! | AF44: =#REF! -> #REF! | AG44: =#REF! -> #REF! | AH44: =#REF! -> #REF! | AI44: =№1!S49 -> 22.857652 | AJ44: =#REF! -> #REF! | AK44: =#REF! -> #REF! | AL44: =#REF! -> #REF! | AM44: =#REF! -> #REF! | AN44: =#REF! -> #REF! | AO44: =#REF! -> #REF! | AP44: =#REF! -> #REF! | AQ44: =№1!T49 -> 247.60452 | AR44: =#REF! -> #REF! | AS44: =#REF! -> #REF! | AT44: =#REF! -> #REF! | AU44: =#REF! -> #REF! | AV44: =#REF! -> #REF! | AW44: =#REF! -> #REF! | AX44: =#REF! -> #REF!
A45: =#REF! -> #REF! | B45: =A45/1000000000 -> #REF! | C45: =№1!U50 -> 12.452398 | D45: =#REF! -> #REF! | E45: =#REF! -> #REF! | F45: =#REF! -> #REF! | G45: =#REF! -> #REF! | H45: =#REF! -> #REF! | I45: =#REF! -> #REF! | J45: =#REF! -> #REF! | K45: =№1!P50 -> 40.95253 | L45: =#REF! -> #REF! | M45: =#REF! -> #REF! | N45: =#REF! -> #REF! | O45: =#REF! -> #REF! | P45: =#REF! -> #REF! | Q45: =#REF! -> #REF! | R45: =#REF! -> #REF! | S45: =№1!R50 -> 0.175814 | T45: =#REF! -> #REF! | U45: =#REF! -> #REF! | V45: =#REF! -> #REF! | W45: =#REF! -> #REF! | X45: =#REF! -> #REF! | Y45: =#REF! -> #REF! | Z45: =#REF! -> #REF! | AA45: =№1!Q50 -> -0.000276 | AB45: =#REF! -> #REF! | AC45: =#REF! -> #REF! | AD45: =#REF! -> #REF! | AE45: =#REF! -> #REF! | AF45: =#REF! -> #REF! | AG45: =#REF! -> #REF! | AH45: =#REF! -> #REF! | AI45: =№1!S50 -> 22.95253 | AJ45: =#REF! -> #REF! | AK45: =#REF! -> #REF! | AL45: =#REF! -> #REF! | AM45: =#REF! -> #REF! | AN45: =#REF! -> #REF! | AO45: =#REF! -> #REF! | AP45: =#REF! -> #REF! | AQ45: =№1!T50 -> 251.67227 | AR45: =#REF! -> #REF! | AS45: =#REF! -> #REF! | AT45: =#REF! -> #REF! | AU45: =#REF! -> #REF! | AV45: =#REF! -> #REF! | AW45: =#REF! -> #REF! | AX45: =#REF! -> #REF!
A46: =#REF! -> #REF! | B46: =A46/1000000000 -> #REF! | C46: =№1!U51 -> 12.277182 | D46: =#REF! -> #REF! | E46: =#REF! -> #REF! | F46: =#REF! -> #REF! | G46: =#REF! -> #REF! | H46: =#REF! -> #REF! | I46: =#REF! -> #REF! | J46: =#REF! -> #REF! | K46: =№1!P51 -> 40.890987 | L46: =#REF! -> #REF! | M46: =#REF! -> #REF! | N46: =#REF! -> #REF! | O46: =#REF! -> #REF! | P46: =#REF! -> #REF! | Q46: =#REF! -> #REF! | R46: =#REF! -> #REF! | S46: =№1!R51 -> 0.173767 | T46: =#REF! -> #REF! | U46: =#REF! -> #REF! | V46: =#REF! -> #REF! | W46: =#REF! -> #REF! | X46: =#REF! -> #REF! | Y46: =#REF! -> #REF! | Z46: =#REF! -> #REF! | AA46: =№1!Q51 -> -0.000261 | AB46: =#REF! -> #REF! | AC46: =#REF! -> #REF! | AD46: =#REF! -> #REF! | AE46: =#REF! -> #REF! | AF46: =#REF! -> #REF! | AG46: =#REF! -> #REF! | AH46: =#REF! -> #REF! | AI46: =№1!S51 -> 22.890987 | AJ46: =#REF! -> #REF! | AK46: =#REF! -> #REF! | AL46: =#REF! -> #REF! | AM46: =#REF! -> #REF! | AN46: =#REF! -> #REF! | AO46: =#REF! -> #REF! | AP46: =#REF! -> #REF! | AQ46: =№1!T51 -> 251.0358 | AR46: =#REF! -> #REF! | AS46: =#REF! -> #REF! | AT46: =#REF! -> #REF! | AU46: =#REF! -> #REF! | AV46: =#REF! -> #REF! | AW46: =#REF! -> #REF! | AX46: =#REF! -> #REF!
A47: =#REF! -> #REF! | B47: =A47/1000000000 -> #REF! | C47: =№1!U52 -> 11.858337 | D47: =#REF! -> #REF! | E47: =#REF! -> #REF! | F47: =#REF! -> #REF! | G47: =#REF! -> #REF! | H47: =#REF! -> #REF! | I47: =#REF! -> #REF! | J47: =#REF! -> #REF! | K47: =№1!P52 -> 40.740238 | L47: =#REF! -> #REF! | M47: =#REF! -> #REF! | N47: =#REF! -> #REF! | O47: =#REF! -> #REF! | P47: =#REF! -> #REF! | Q47: =#REF! -> #REF! | R47: =#REF! -> #REF! | S47: =№1!R52 -> 0.174226 | T47: =#REF! -> #REF! | U47: =#REF! -> #REF! | V47: =#REF! -> #REF! | W47: =#REF! -> #REF! | X47: =#REF! -> #REF! | Y47: =#REF! -> #REF! | Z47: =#REF! -> #REF! | AA47: =№1!Q52 -> -0.000333 | AB47: =#REF! -> #REF! | AC47: =#REF! -> #REF! | AD47: =#REF! -> #REF! | AE47: =#REF! -> #REF! | AF47: =#REF! -> #REF! | AG47: =#REF! -> #REF! | AH47: =#REF! -> #REF! | AI47: =№1!S52 -> 22.740238 | AJ47: =#REF! -> #REF! | AK47: =#REF! -> #REF! | AL47: =#REF! -> #REF! | AM47: =#REF! -> #REF! | AN47: =#REF! -> #REF! | AO47: =#REF! -> #REF! | AP47: =#REF! -> #REF! | AQ47: =№1!T52 -> 241.78861 | AR47: =#REF! -> #REF! | AS47: =#REF! -> #REF! | AT47: =#REF! -> #REF! | AU47: =#REF! -> #REF! | AV47: =#REF! -> #REF! | AW47: =#REF! -> #REF! | AX47: =#REF! -> #REF!
A48: =#REF! -> #REF! | B48: =A48/1000000000 -> #REF! | C48: =№1!U53 -> 11.455757 | D48: =#REF! -> #REF! | E48: =#REF! -> #REF! | F48: =#REF! -> #REF! | G48: =#REF! -> #REF! | H48: =#REF! -> #REF! | I48: =#REF! -> #REF! | J48: =#REF! -> #REF! | K48: =№1!P53 -> 40.590238 | L48: =#REF! -> #REF! | M48: =#REF! -> #REF! | N48: =#REF! -> #REF! | O48: =#REF! -> #REF! | P48: =#REF! -> #REF! | Q48: =#REF! -> #REF! | R48: =#REF! -> #REF! | S48: =№1!R53 -> 0.169685 | T48: =#REF! -> #REF! | U48: =#REF! -> #REF! | V48: =#REF! -> #REF! | W48: =#REF! -> #REF! | X48: =#REF! -> #REF! | Y48: =#REF! -> #REF! | Z48: =#REF! -> #REF! | AA48: =№1!Q53 -> -0.000432 | AB48: =#REF! -> #REF! | AC48: =#REF! -> #REF! | AD48: =#REF! -> #REF! | AE48: =#REF! -> #REF! | AF48: =#REF! -> #REF! | AG48: =#REF! -> #REF! | AH48: =#REF! -> #REF! | AI48: =№1!S53 -> 22.590238 | AJ48: =#REF! -> #REF! | AK48: =#REF! -> #REF! | AL48: =#REF! -> #REF! | AM48: =#REF! -> #REF! | AN48: =#REF! -> #REF! | AO48: =#REF! -> #REF! | AP48: =#REF! -> #REF! | AQ48: =№1!T53 -> 239.78594 | AR48: =#REF! -> #REF! | AS48: =#REF! -> #REF! | AT48: =#REF! -> #REF! | AU48: =#REF! -> #REF! | AV48: =#REF! -> #REF! | AW48: =#REF! -> #REF! | AX48: =#REF! -> #REF!
A49: =#REF! -> #REF! | B49: =A49/1000000000 -> #REF! | C49: =№1!U54 -> 10.747016 | D49: =#REF! -> #REF! | E49: =#REF! -> #REF! | F49: =#REF! -> #REF! | G49: =#REF! -> #REF! | H49: =#REF! -> #REF! | I49: =#REF! -> #REF! | J49: =#REF! -> #REF! | K49: =№1!P54 -> 40.312879 | L49: =#REF! -> #REF! | M49: =#REF! -> #REF! | N49: =#REF! -> #REF! | O49: =#REF! -> #REF! | P49: =#REF! -> #REF! | Q49: =#REF! -> #REF! | R49: =#REF! -> #REF! | S49: =№1!R54 -> 0.164108 | T49: =#REF! -> #REF! | U49: =#REF! -> #REF! | V49: =#REF! -> #REF! | W49: =#REF! -> #REF! | X49: =#REF! -> #REF! | Y49: =#REF! -> #REF! | Z49: =#REF! -> #REF! | AA49: =№1!Q54 -> -0.00012 | AB49: =#REF! -> #REF! | AC49: =#REF! -> #REF! | AD49: =#REF! -> #REF! | AE49: =#REF! -> #REF! | AF49: =#REF! -> #REF! | AG49: =#REF! -> #REF! | AH49: =#REF! -> #REF! | AI49: =№1!S54 -> 22.312879 | AJ49: =#REF! -> #REF! | AK49: =#REF! -> #REF! | AL49: =#REF! -> #REF! | AM49: =#REF! -> #REF! | AN49: =#REF! -> #REF! | AO49: =#REF! -> #REF! | AP49: =#REF! -> #REF! | AQ49: =№1!T54 -> 232.51065 | AR49: =#REF! -> #REF! | AS49: =#REF! -> #REF! | AT49: =#REF! -> #REF! | AU49: =#REF! -> #REF! | AV49: =#REF! -> #REF! | AW49: =#REF! -> #REF! | AX49: =#REF! -> #REF!
A50: =#REF! -> #REF! | B50: =A50/1000000000 -> #REF! | C50: =№1!U55 -> 10.38643 | D50: =#REF! -> #REF! | E50: =#REF! -> #REF! | F50: =#REF! -> #REF! | G50: =#REF! -> #REF! | H50: =#REF! -> #REF! | I50: =#REF! -> #REF! | J50: =#REF! -> #REF! | K50: =№1!P55 -> 40.164663 | L50: =#REF! -> #REF! | M50: =#REF! -> #REF! | N50: =#REF! -> #REF! | O50: =#REF! -> #REF! | P50: =#REF! -> #REF! | Q50: =#REF! -> #REF! | R50: =#REF! -> #REF! | S50: =№1!R55 -> 0.16199 | T50: =#REF! -> #REF! | U50: =#REF! -> #REF! | V50: =#REF! -> #REF! | W50: =#REF! -> #REF! | X50: =#REF! -> #REF! | Y50: =#REF! -> #REF! | Z50: =#REF! -> #REF! | AA50: =№1!Q55 -> -0.000235 | AB50: =#REF! -> #REF! | AC50: =#REF! -> #REF! | AD50: =#REF! -> #REF! | AE50: =#REF! -> #REF! | AF50: =#REF! -> #REF! | AG50: =#REF! -> #REF! | AH50: =#REF! -> #REF! | AI50: =№1!S55 -> 22.164663 | AJ50: =#REF! -> #REF! | AK50: =#REF! -> #REF! | AL50: =#REF! -> #REF! | AM50: =#REF! -> #REF! | AN50: =#REF! -> #REF! | AO50: =#REF! -> #REF! | AP50: =#REF! -> #REF! | AQ50: =№1!T55 -> 227.60078 | AR50: =#REF! -> #REF! | AS50: =#REF! -> #REF! | AT50: =#REF! -> #REF! | AU50: =#REF! -> #REF! | AV50: =#REF! -> #REF! | AW50: =#REF! -> #REF! | AX50: =#REF! -> #REF!
A51: =#REF! -> #REF! | B51: =A51/1000000000 -> #REF! | C51: =№1!U56 -> 10.32745 | D51: =#REF! -> #REF! | E51: =#REF! -> #REF! | F51: =#REF! -> #REF! | G51: =#REF! -> #REF! | H51: =#REF! -> #REF! | I51: =#REF! -> #REF! | J51: =#REF! -> #REF! | K51: =№1!P56 -> 40.139931 | L51: =#REF! -> #REF! | M51: =#REF! -> #REF! | N51: =#REF! -> #REF! | O51: =#REF! -> #REF! | P51: =#REF! -> #REF! | Q51: =#REF! -> #REF! | R51: =#REF! -> #REF! | S51: =№1!R56 -> 0.160708 | T51: =#REF! -> #REF! | U51: =#REF! -> #REF! | V51: =#REF! -> #REF! | W51: =#REF! -> #REF! | X51: =#REF! -> #REF! | Y51: =#REF! -> #REF! | Z51: =#REF! -> #REF! | AA51: =№1!Q56 -> -0.000525 | AB51: =#REF! -> #REF! | AC51: =#REF! -> #REF! | AD51: =#REF! -> #REF! | AE51: =#REF! -> #REF! | AF51: =#REF! -> #REF! | AG51: =#REF! -> #REF! | AH51: =#REF! -> #REF! | AI51: =№1!S56 -> 22.139931 | AJ51: =#REF! -> #REF! | AK51: =#REF! -> #REF! | AL51: =#REF! -> #REF! | AM51: =#REF! -> #REF! | AN51: =#REF! -> #REF! | AO51: =#REF! -> #REF! | AP51: =#REF! -> #REF! | AQ51: =№1!T56 -> 228.10568 | AR51: =#REF! -> #REF! | AS51: =#REF! -> #REF! | AT51: =#REF! -> #REF! | AU51: =#REF! -> #REF! | AV51: =#REF! -> #REF! | AW51: =#REF! -> #REF! | AX51: =#REF! -> #REF!
A52: =#REF! -> #REF! | B52: =A52/1000000000 -> #REF! | C52: =№1!U57 -> 9.979659 | D52: =#REF! -> #REF! | E52: =#REF! -> #REF! | F52: =#REF! -> #REF! | G52: =#REF! -> #REF! | H52: =#REF! -> #REF! | I52: =#REF! -> #REF! | J52: =#REF! -> #REF! | K52: =№1!P57 -> 39.991157 | L52: =#REF! -> #REF! | M52: =#REF! -> #REF! | N52: =#REF! -> #REF! | O52: =#REF! -> #REF! | P52: =#REF! -> #REF! | Q52: =#REF! -> #REF! | R52: =#REF! -> #REF! | S52: =№1!R57 -> 0.16469 | T52: =#REF! -> #REF! | U52: =#REF! -> #REF! | V52: =#REF! -> #REF! | W52: =#REF! -> #REF! | X52: =#REF! -> #REF! | Y52: =#REF! -> #REF! | Z52: =#REF! -> #REF! | AA52: =№1!Q57 -> -1.1e-05 | AB52: =#REF! -> #REF! | AC52: =#REF! -> #REF! | AD52: =#REF! -> #REF! | AE52: =#REF! -> #REF! | AF52: =#REF! -> #REF! | AG52: =#REF! -> #REF! | AH52: =#REF! -> #REF! | AI52: =№1!S57 -> 21.991157 | AJ52: =#REF! -> #REF! | AK52: =#REF! -> #REF! | AL52: =#REF! -> #REF! | AM52: =#REF! -> #REF! | AN52: =#REF! -> #REF! | AO52: =#REF! -> #REF! | AP52: =#REF! -> #REF! | AQ52: =№1!T57 -> 215.04826 | AR52: =#REF! -> #REF! | AS52: =#REF! -> #REF! | AT52: =#REF! -> #REF! | AU52: =#REF! -> #REF! | AV52: =#REF! -> #REF! | AW52: =#REF! -> #REF! | AX52: =#REF! -> #REF!
A53: =#REF! -> #REF! | B53: =A53/1000000000 -> #REF! | C53: =№1!U58 -> 10.130512 | D53: =#REF! -> #REF! | E53: =#REF! -> #REF! | F53: =#REF! -> #REF! | G53: =#REF! -> #REF! | H53: =#REF! -> #REF! | I53: =#REF! -> #REF! | J53: =#REF! -> #REF! | K53: =№1!P58 -> 40.056314 | L53: =#REF! -> #REF! | M53: =#REF! -> #REF! | N53: =#REF! -> #REF! | O53: =#REF! -> #REF! | P53: =#REF! -> #REF! | Q53: =#REF! -> #REF! | R53: =#REF! -> #REF! | S53: =№1!R58 -> 0.173553 | T53: =#REF! -> #REF! | U53: =#REF! -> #REF! | V53: =#REF! -> #REF! | W53: =#REF! -> #REF! | X53: =#REF! -> #REF! | Y53: =#REF! -> #REF! | Z53: =#REF! -> #REF! | AA53: =№1!Q58 -> -0.000364 | AB53: =#REF! -> #REF! | AC53: =#REF! -> #REF! | AD53: =#REF! -> #REF! | AE53: =#REF! -> #REF! | AF53: =#REF! -> #REF! | AG53: =#REF! -> #REF! | AH53: =#REF! -> #REF! | AI53: =№1!S58 -> 22.056314 | AJ53: =#REF! -> #REF! | AK53: =#REF! -> #REF! | AL53: =#REF! -> #REF! | AM53: =#REF! -> #REF! | AN53: =#REF! -> #REF! | AO53: =#REF! -> #REF! | AP53: =#REF! -> #REF! | AQ53: =№1!T58 -> 207.17048 | AR53: =#REF! -> #REF! | AS53: =#REF! -> #REF! | AT53: =#REF! -> #REF! | AU53: =#REF! -> #REF! | AV53: =#REF! -> #REF! | AW53: =#REF! -> #REF! | AX53: =#REF! -> #REF!
... A91: =#REF! -> #REF! | B91: =A91/1000000000 -> #REF! | C91: =№1!U96 -> 5.153715 | D91: =#REF! -> #REF! | E91: =#REF! -> #REF! | F91: =#REF! -> #REF! | G91: =#REF! -> #REF! | H91: =#REF! -> #REF! | I91: =#REF! -> #REF! | J91: =#REF! -> #REF! | K91: =№1!P96 -> 37.121204 | L91: =#REF! -> #REF! | M91: =#REF! -> #REF! | N91: =#REF! -> #REF! | O91: =#REF! -> #REF! | P91: =#REF! -> #REF! | Q91: =#REF! -> #REF! | R91: =#REF! -> #REF! | S91: =№1!R96 -> 0.171275 | T91: =#REF! -> #REF! | U91: =#REF! -> #REF! | V91: =#REF! -> #REF! | W91: =#REF! -> #REF! | X91: =#REF! -> #REF! | Y91: =#REF! -> #REF! | Z91: =#REF! -> #REF! | AA91: =№1!Q96 -> 0.000104 | AB91: =#REF! -> #REF! | AC91: =#REF! -> #REF! | AD91: =#REF! -> #REF! | AE91: =#REF! -> #REF! | AF91: =#REF! -> #REF! | AG91: =#REF! -> #REF! | AH91: =#REF! -> #REF! | AI91: =№1!S96 -> 19.121204 | AJ91: =#REF! -> #REF! | AK91: =#REF! -> #REF! | AL91: =#REF! -> #REF! | AM91: =#REF! -> #REF! | AN91: =#REF! -> #REF! | AO91: =#REF! -> #REF! | AP91: =#REF! -> #REF! | AQ91: =№1!T96 -> 106.14966 | AR91: =#REF! -> #REF! | AS91: =#REF! -> #REF! | AT91: =#REF! -> #REF! | AU91: =#REF! -> #REF! | AV91: =#REF! -> #REF! | AW91: =#REF! -> #REF! | AX91: =#REF! -> #REF!

Sheet №1
A1: ћощность на ”Ѕћ, dBm | B1: 18
A2: Gate start, ms | B2: 20
A3: Gate lenght, ms | B3: 80
A4: T, ms | B4: 1000
A5: “очность подстройки, dBm | B5: 0.1
A6: Iпот(поко€), mA | B6: 650
A7: Uп, ¬ | B7: 28
A8: Uсм, ¬
A9: — калибровкой
A10: є | B10: f, MHz | C10: P, dBm | D10: IG, mA | E10: ID, A | F10: Gain, dB | G10: ѕƒ, % | H10: Pвых, W | J10: Потери | K10: Q | L10: Ig_пок, мА | M10: Iпок, А | N10: Uп, В | O10: Pвх, Вт | P10: =C10 -> P, dBm | Q10: =D10 -> IG, mA | R10: =E10 -> ID, A | S10: =F10 -> Gain, dB | T10: =G10 -> ѕƒ, % | U10: =H10 -> Pвых, W
A11: 1 | B11: 500000000 | C11: 33.513217 | D11: 4.9e-05 | E11: 0.140955 | F11: 15.513217 | G11: 5.529739 | H11: 2.245545 | J11: 0 | K11: 1 | L11: 0 | M11: 0 | N11: =B7 -> 28 | O11: =(10^(B1/10))/1000 -> 0.063095734 | P11: =C11+J11 -> 33.513217 | Q11: =D11-L11 -> 4.9e-05 | R11: =(E11-M11)*K11 -> 0.140955 | S11: =F11+J11 -> 15.513217 | T11: =((U11-O11)/(N11*R11))*100 -> 55.29751 | U11: =(10^(P11/10))/1000 -> 2.2455447
A12: 2 | B12: 600000000 | C12: 34.938403 | D12: -0.000213 | E12: 0.12731 | F12: 16.938403 | G12: 8.569235 | H12: 3.117743 | J12: 0 | K12: =K11 -> 1 | L12: =L11 -> 0 | M12: =M11 -> 0 | N12: =N11 -> 28 | O12: =O11 -> 0.063095734 | P12: =C12+J12 -> 34.938403 | Q12: =D12-L12 -> -0.000213 | R12: =(E12-M12)*K12 -> 0.12731 | S12: =F12+J12 -> 16.938403 | T12: =((U12-O12)/(N12*R12))*100 -> 85.692045 | U12: =(10^(P12/10))/1000 -> 3.1177429
A13: 3 | B13: 700000000 | C13: 36.204166 | D13: 1.8e-05 | E13: 0.114457 | F13: 18.204166 | G13: 12.823242 | H13: 4.172695 | J13: 0 | K13: =K12 -> 1 | L13: =L12 -> 0 | M13: =M12 -> 0 | N13: =N12 -> 28 | O13: =O12 -> 0.063095734 | P13: =C13+J13 -> 36.204166 | Q13: =D13-L13 -> 1.8e-05 | R13: =(E13-M13)*K13 -> 0.114457 | S13: =F13+J13 -> 18.204166 | T13: =((U13-O13)/(N13*R13))*100 -> 128.23278 | U13: =(10^(P13/10))/1000 -> 4.1726946
A14: 4 | B14: 800000000 | C14: 36.624177 | D14: -0.000388 | E14: 0.110013 | F14: 18.624177 | G14: 14.716774 | H14: 4.596399 | J14: 0 | K14: =K13 -> 1 | L14: =L13 -> 0 | M14: =M13 -> 0 | N14: =N13 -> 28 | O14: =O13 -> 0.063095734 | P14: =C14+J14 -> 36.624177 | Q14: =D14-L14 -> -0.000388 | R14: =(E14-M14)*K14 -> 0.110013 | S14: =F14+J14 -> 18.624177 | T14: =((U14-O14)/(N14*R14))*100 -> 147.16777 | U14: =(10^(P14/10))/1000 -> 4.5963988
A15: 5 | B15: 900000000 | C15: 37.00573 | D15: -0.000408 | E15: 0.105518 | F15: 19.00573 | G15: 16.772387 | H15: 5.018489 | J15: 0 | K15: =K14 -> 1 | L15: =L14 -> 0 | M15: =M14 -> 0 | N15: =N14 -> 28 | O15: =O14 -> 0.063095734 | P15: =C15+J15 -> 37.00573 | Q15: =D15-L15 -> -0.000408 | R15: =(E15-M15)*K15 -> 0.105518 | S15: =F15+J15 -> 19.00573 | T15: =((U15-O15)/(N15*R15))*100 -> 167.72337 | U15: =(10^(P15/10))/1000 -> 5.0184893
A16: 6 | B16: 1000000000 | C16: 37.236555 | D16: 0.000224 | E16: 0.103911 | F16: 19.236555 | G16: 17.973242 | H16: 5.292435 | J16: 0 | K16: =K15 -> 1 | L16: =L15 -> 0 | M16: =M15 -> 0 | N16: =N15 -> 28 | O16: =O15 -> 0.063095734 | P16: =C16+J16 -> 37.236555 | Q16: =D16-L16 -> 0.000224 | R16: =(E16-M16)*K16 -> 0.103911 | S16: =F16+J16 -> 19.236555 | T16: =((U16-O16)/(N16*R16))*100 -> 179.73275 | U16: =(10^(P16/10))/1000 -> 5.2924346
A17: 7 | B17: 1100000000 | C17: 37.771552 | D17: -3.9e-05 | E17: 0.104119 | F17: 19.771552 | G17: 20.317276 | H17: 5.986254 | J17: 0 | K17: =K16 -> 1 | L17: =L16 -> 0 | M17: =M16 -> 0 | N17: =N16 -> 28 | O17: =O16 -> 0.063095734 | P17: =C17+J17 -> 37.771552 | Q17: =D17-L17 -> -3.9e-05 | R17: =(E17-M17)*K17 -> 0.104119 | S17: =F17+J17 -> 19.771552 | T17: =((U17-O17)/(N17*R17))*100 -> 203.17271 | U17: =(10^(P17/10))/1000 -> 5.9862548
A18: 8 | B18: 1200000000 | C18: 37.939963 | D18: 3.5e-05 | E18: 0.105259 | F18: 19.939963 | G18: 20.900258 | H18: 6.22295 | J18: 0 | K18: =K17 -> 1 | L18: =L17 -> 0 | M18: =M17 -> 0 | N18: =N17 -> 28 | O18: =O17 -> 0.063095734 | P18: =C18+J18 -> 37.939963 | Q18: =D18-L18 -> 3.5e-05 | R18: =(E18-M18)*K18 -> 0.105259 | S18: =F18+J18 -> 19.939963 | T18: =((U18-O18)/(N18*R18))*100 -> 209.00331 | U18: =(10^(P18/10))/1000 -> 6.2229498
A19: 9 | B19: 1300000000 | C19: 38.437696 | D19: -0.00016 | E19: 0.110634 | F19: 20.437696 | G19: 22.324407 | H19: 6.97862 | J19: 0 | K19: =K18 -> 1 | L19: =L18 -> 0 | M19: =M18 -> 0 | N19: =N18 -> 28 | O19: =O18 -> 0.063095734 | P19: =C19+J19 -> 38.437696 | Q19: =D19-L19 -> -0.00016 | R19: =(E19-M19)*K19 -> 0.110634 | S19: =F19+J19 -> 20.437696 | T19: =((U19-O19)/(N19*R19))*100 -> 223.24334 | U19: =(10^(P19/10))/1000 -> 6.9786208
A20: 10 | B20: 1400000000 | C20: 39.122293 | D20: -0.000218 | E20: 0.119502 | F20: 21.122293 | G20: 24.228629 | H20: 8.170136 | J20: 0 | K20: =K19 -> 1 | L20: =L19 -> 0 | M20: =M19 -> 0 | N20: =N19 -> 28 | O20: =O19 -> 0.063095734 | P20: =C20+J20 -> 39.122293 | Q20: =D20-L20 -> -0.000218 | R20: =(E20-M20)*K20 -> 0.119502 | S20: =F20+J20 -> 21.122293 | T20: =((U20-O20)/(N20*R20))*100 -> 242.28646 | U20: =(10^(P20/10))/1000 -> 8.1701363
A21: 11 | B21: 1500000000 | C21: 39.792282 | D21: -1.3e-05 | E21: 0.127644 | F21: 21.792282 | G21: 26.496352 | H21: 9.53297 | J21: 0 | K21: =K20 -> 1 | L21: =L20 -> 0 | M21: =M20 -> 0 | N21: =N20 -> 28 | O21: =O20 -> 0.063095734 | P21: =C21+J21 -> 39.792282 | Q21: =D21-L21 -> -1.3e-05 | R21: =(E21-M21)*K21 -> 0.127644 | S21: =F21+J21 -> 21.792282 | T21: =((U21-O21)/(N21*R21))*100 -> 264.96332 | U21: =(10^(P21/10))/1000 -> 9.5329694
A22: 12 | B22: 1600000000 | C22: 40.269049 | D22: 0.000121 | E22: 0.131258 | F22: 22.269049 | G22: 28.776453 | H22: 10.6391 | J22: 0 | K22: =K21 -> 1 | L22: =L21 -> 0 | M22: =M21 -> 0 | N22: =N21 -> 28 | O22: =O21 -> 0.063095734 | P22: =C22+J22 -> 40.269049 | Q22: =D22-L22 -> 0.000121 | R22: =(E22-M22)*K22 -> 0.131258 | S22: =F22+J22 -> 22.269049 | T22: =((U22-O22)/(N22*R22))*100 -> 287.7649 | U22: =(10^(P22/10))/1000 -> 10.6391
A23: 13 | B23: 1700000000 | C23: 40.321244 | D23: 0.000146 | E23: 0.134406 | F23: 22.321244 | G23: 28.444407 | H23: 10.767736 | J23: 0 | K23: =K22 -> 1 | L23: =L22 -> 0 | M23: =M22 -> 0 | N23: =N22 -> 28 | O23: =O22 -> 0.063095734 | P23: =C23+J23 -> 40.321244 | Q23: =D23-L23 -> 0.000146 | R23: =(E23-M23)*K23 -> 0.134406 | S23: =F23+J23 -> 22.321244 | T23: =((U23-O23)/(N23*R23))*100 -> 284.44309 | U23: =(10^(P23/10))/1000 -> 10.767736
... A96: 86 | B96: 9000000000 | C96: 37.121204 | D96: 0.000104 | E96: 0.171275 | F96: 19.121204 | G96: 10.614979 | H96: 5.153715 | J96: 0 | K96: =K95 -> 1 | L96: =L95 -> 0 | M96: =M95 -> 0 | N96: =N95 -> 28 | O96: =O95 -> 0.063095734 | P96: =C96+J96 -> 37.121204 | Q96: =D96-L96 -> 0.000104 | R96: =(E96-M96)*K96 -> 0.171275 | S96: =F96+J96 -> 19.121204 | T96: =((U96-O96)/(N96*R96))*100 -> 106.14966 | U96: =(10^(P96/10))/1000 -> 5.153715

Sheet NiPA-62-F_UG_1__2026-03-24_11-4
A1: Мощность на УБМ, dBm | B1: 27
A2: Gate start, ms | B2: 50
A3: Gate lenght, ms | B3: 50
A4: T, ms | B4: 100
A5: Точность подстройки, dBm | B5: 0.1
A6: Iпот(покоя), mA | B6: 350
A7: Uп, В | B7: 28
A8: Uсм, ¬
A9: — калибровкой
A10: є | B10: f, MHz | C10: P, dBm | D10: IG, mA | E10: ID, A | F10: Gain, dB | G10: ѕƒ, % | H10: Pвых, W | J10: Потери | K10: Q | L10: Ig_пок, мА | M10: Iпок, А | N10: Uп, В | O10: Pвх, Вт | P10: =C10 -> P, dBm | Q10: =D10 -> IG, mA | R10: =E10 -> ID, A | S10: =F10 -> Gain, dB | T10: =G10 -> ѕƒ, % | U10: =H10 -> Pвых, W
A11: 1 | B11: 500000000 | C11: 39.382375 | D11: -0.000122 | E11: 0.517985 | F11: 12.382375 | G11: 56.352756 | H11: 8.674361 | J11: 0 | K11: 1 | L11: 0 | M11: 0 | N11: =B7 -> 28 | O11: =(10^(B1/10))/1000 -> 0.50118723 | P11: 39.382375 | Q11: -0.000122 | R11: 0.517985 | S11: 12.382375 | T11: 56.352756 | U11: 8.674361
A12: 2 | B12: 600000000 | C12: 39.366771 | D12: -0.00012 | E12: 0.493286 | F12: 12.366771 | G12: 58.949217 | H12: 8.643251 | J12: 0 | K12: =K11 -> 1 | L12: =L11 -> 0 | M12: =M11 -> 0 | N12: =N11 -> 28 | O12: =O11 -> 0.50118723 | P12: 39.366771 | Q12: -0.00012 | R12: 0.493286 | S12: 12.366771 | T12: 58.949217 | U12: 8.643251
A13: 3 | B13: 700000000 | C13: 39.289049 | D13: 0.000318 | E13: 0.499063 | F13: 12.289049 | G13: 57.169686 | H13: 8.489945 | J13: 0 | K13: =K12 -> 1 | L13: =L12 -> 0 | M13: =M12 -> 0 | N13: =N12 -> 28 | O13: =O12 -> 0.50118723 | P13: 39.289049 | Q13: 0.000318 | R13: 0.499063 | S13: 12.289049 | T13: 57.169686 | U13: 8.489945
A14: 4 | B14: 800000000 | C14: 39.619725 | D14: 6.8e-05 | E14: 0.538351 | F14: 12.619725 | G14: 57.453453 | H14: 9.161624 | J14: 0 | K14: =K13 -> 1 | L14: =L13 -> 0 | M14: =M13 -> 0 | N14: =N13 -> 28 | O14: =O13 -> 0.50118723 | P14: 39.619725 | Q14: 6.8e-05 | R14: 0.538351 | S14: 12.619725 | T14: 57.453453 | U14: 9.161624
A15: 5 | B15: 900000000 | C15: 39.806788 | D15: 0.00014 | E15: 0.549765 | F15: 12.806788 | G15: 58.880179 | H15: 9.564864 | J15: 0 | K15: =K14 -> 1 | L15: =L14 -> 0 | M15: =M14 -> 0 | N15: =N14 -> 28 | O15: =O14 -> 0.50118723 | P15: 39.806788 | Q15: 0.00014 | R15: 0.549765 | S15: 12.806788 | T15: 58.880179 | U15: 9.564864
A16: 6 | B16: 1000000000 | C16: 39.812635 | D16: -0.000331 | E16: 0.573374 | F16: 12.812635 | G16: 56.536021 | H16: 9.57775 | J16: 0 | K16: =K15 -> 1 | L16: =L15 -> 0 | M16: =M15 -> 0 | N16: =N15 -> 28 | O16: =O15 -> 0.50118723 | P16: 39.812635 | Q16: -0.000331 | R16: 0.573374 | S16: 12.812635 | T16: 56.536021 | U16: 9.57775
A17: 7 | B17: 1100000000 | C17: 39.725522 | D17: 2.7e-05 | E17: 0.572431 | F17: 12.725522 | G17: 55.442489 | H17: 9.387549 | J17: 0 | K17: =K16 -> 1 | L17: =L16 -> 0 | M17: =M16 -> 0 | N17: =N16 -> 28 | O17: =O16 -> 0.50118723 | P17: 39.725522 | Q17: 2.7e-05 | R17: 0.572431 | S17: 12.725522 | T17: 55.442489 | U17: 9.387549
A18: 8 | B18: 1200000000 | C18: 39.374186 | D18: -0.000115 | E18: 0.591105 | F18: 12.374186 | G18: 49.283172 | H18: 8.658021 | J18: 0 | K18: =K17 -> 1 | L18: =L17 -> 0 | M18: =M17 -> 0 | N18: =N17 -> 28 | O18: =O17 -> 0.50118723 | P18: 39.374186 | Q18: -0.000115 | R18: 0.591105 | S18: 12.374186 | T18: 49.283172 | U18: 8.658021
A19: 9 | B19: 1300000000 | C19: 39.423717 | D19: -0.000419 | E19: 0.630442 | F19: 12.423717 | G19: 46.770689 | H19: 8.757329 | J19: 0 | K19: =K18 -> 1 | L19: =L18 -> 0 | M19: =M18 -> 0 | N19: =N18 -> 28 | O19: =O18 -> 0.50118723 | P19: 39.423717 | Q19: -0.000419 | R19: 0.630442 | S19: 12.423717 | T19: 46.770689 | U19: 8.757329
A20: 10 | B20: 1400000000 | C20: 39.418516 | D20: -0.000443 | E20: 0.643107 | F20: 12.418516 | G20: 45.791436 | H20: 8.746848 | J20: 0 | K20: =K19 -> 1 | L20: =L19 -> 0 | M20: =M19 -> 0 | N20: =N19 -> 28 | O20: =O19 -> 0.50118723 | P20: 39.418516 | Q20: -0.000443 | R20: 0.643107 | S20: 12.418516 | T20: 45.791436 | U20: 8.746848
A21: 11 | B21: 1500000000 | C21: 39.348883 | D21: -0.00024 | E21: 0.655046 | F21: 12.348883 | G21: 44.1983 | H21: 8.607724 | J21: 0 | K21: =K20 -> 1 | L21: =L20 -> 0 | M21: =M20 -> 0 | N21: =N20 -> 28 | O21: =O20 -> 0.50118723 | P21: 39.348883 | Q21: -0.00024 | R21: 0.655046 | S21: 12.348883 | T21: 44.1983 | U21: 8.607724
A22: 12 | B22: 1600000000 | C22: 39.248171 | D22: -0.000295 | E22: 0.674156 | F22: 12.248171 | G22: 41.900098 | H22: 8.410408 | J22: 0 | K22: =K21 -> 1 | L22: =L21 -> 0 | M22: =M21 -> 0 | N22: =N21 -> 28 | O22: =O21 -> 0.50118723 | P22: 39.248171 | Q22: -0.000295 | R22: 0.674156 | S22: 12.248171 | T22: 41.900098 | U22: 8.410408
A23: 13 | B23: 1700000000 | C23: 39.241689 | D23: -0.00029 | E23: 0.666402 | F23: 12.241689 | G23: 42.320448 | H23: 8.397865 | J23: 0 | K23: =K22 -> 1 | L23: =L22 -> 0 | M23: =M22 -> 0 | N23: =N22 -> 28 | O23: =O22 -> 0.50118723 | P23: 39.241689 | Q23: -0.00029 | R23: 0.666402 | S23: 12.241689 | T23: 42.320448 | U23: 8.397865
... A46: 36 | B46: 4000000000 | C46: 38.588967 | D46: 0.000342 | E46: 0.763505 | F46: 11.588967 | G46: 31.456411 | H46: 7.225979 | J46: 0 | K46: =K45 -> 1 | L46: =L45 -> 0 | M46: =M45 -> 0 | N46: =N45 -> 28 | O46: =O45 -> 0.50118723 | P46: 38.588967 | Q46: 0.000342 | R46: 0.763505 | S46: 11.588967 | T46: 31.456411 | U46: 7.225979
J47: 0 | K47: =K46 -> 1 | L47: =L46 -> 0 | M47: =M46 -> 0 | N47: =N46 -> 28 | O47: =O46 -> 0.50118723
J48: 0 | K48: =K47 -> 1 | L48: =L47 -> 0 | M48: =M47 -> 0 | N48: =N47 -> 28 | O48: =O47 -> 0.50118723
J49: 0 | K49: =K48 -> 1 | L49: =L48 -> 0 | M49: =M48 -> 0 | N49: =N48 -> 28 | O49: =O48 -> 0.50118723
J50: 0 | K50: =K49 -> 1 | L50: =L49 -> 0 | M50: =M49 -> 0 | N50: =N49 -> 28 | O50: =O49 -> 0.50118723
J51: 0 | K51: =K50 -> 1 | L51: =L50 -> 0 | M51: =M50 -> 0 | N51: =N50 -> 28 | O51: =O50 -> 0.50118723
J52: 0 | K52: =K51 -> 1 | L52: =L51 -> 0 | M52: =M51 -> 0 | N52: =N51 -> 28 | O52: =O51 -> 0.50118723
J53: 0 | K53: =K52 -> 1 | L53: =L52 -> 0 | M53: =M52 -> 0 | N53: =N52 -> 28 | O53: =O52 -> 0.50118723
J54: 0 | K54: =K53 -> 1 | L54: =L53 -> 0 | M54: =M53 -> 0 | N54: =N53 -> 28 | O54: =O53 -> 0.50118723
J55: 0 | K55: =K54 -> 1 | L55: =L54 -> 0 | M55: =M54 -> 0 | N55: =N54 -> 28 | O55: =O54 -> 0.50118723
J56: 0 | K56: =K55 -> 1 | L56: =L55 -> 0 | M56: =M55 -> 0 | N56: =N55 -> 28 | O56: =O55 -> 0.50118723
J57: 0 | K57: =K56 -> 1 | L57: =L56 -> 0 | M57: =M56 -> 0 | N57: =N56 -> 28 | O57: =O56 -> 0.50118723
J58: 0 | K58: =K57 -> 1 | L58: =L57 -> 0 | M58: =M57 -> 0 | N58: =N57 -> 28 | O58: =O57 -> 0.50118723
... J96: 0 | K96: =K95 -> 1 | L96: =L95 -> 0 | M96: =M95 -> 0 | N96: =N95 -> 28 | O96: =O95 -> 0.50118723
